{"_runtime":1,"acc":0.8143683583839557,"loss":0.18961648033510875,"_timestamp":1.762863156040358e+09,"_step":7,"_wandb":{"runtime":1}}