{"_step":7,"_wandb":{"runtime":0},"_runtime":0,"acc":0.8836587628095818,"loss":0.0921000844867077,"_timestamp":1.7628508038588252e+09}